size,algorithm,grids_used,avg_expanded,avg_max_frontier,avg_time_ms,avg_path_cost
25,BFS,139,460.24460431654677,23.820143884892087,0.4551280578832886,92.86330935251799
25,DFS,139,251.84172661870502,130.20143884892087,0.3171618707501497,205.8273381294964
25,Dijkstra,139,449.9136690647482,33.31654676258993,1.2236359715964242,61.884892086330936
50,BFS,144,1856.1875,48.02777777777778,1.726238889053396,186.15277777777777
50,DFS,144,806.375,393.8958333333333,0.9300416666317486,520.8611111111111
50,Dijkstra,144,1848.1805555555557,72.88888888888889,3.146793055344056,118.25694444444444
100,BFS,134,7430.059701492537,94.08208955223881,17.109779104403195,375.45522388059703
100,DFS,134,2809.0522388059703,1203.7014925373135,7.744844030354732,1213.9328358208954
100,Dijkstra,134,7424.328358208955,151.16417910447763,39.08359179130552,229.21641791044777
